,ddG (kcal/mol),Mutation
0,-0.026192008,QA1A
1,-0.17606972,QA1C
2,-0.012535363,QA1D
3,0.0014657155,QA1E
4,-0.0022280887,QA1F
5,-0.027226046,QA1G
6,-0.08984704,QA1H
7,0.006886661,QA1I
8,-0.09282467,QA1K
9,-0.043984793,QA1L
10,-0.031947013,QA1M
11,0.018410169,QA1N
12,-0.10238914,QA1P
13,0.0,QA1Q
14,0.011357244,QA1R
15,-0.045555368,QA1S
16,-0.0010087639,QA1T
17,-0.04301038,QA1V
18,-0.08389575,QA1W
19,0.021158699,QA1Y
20,0.66155386,DA2A
21,0.27677208,DA2C
22,0.0,DA2D
23,0.5661514,DA2E
24,0.7735423,DA2F
25,0.82264054,DA2G
26,0.5885245,DA2H
27,0.7927749,DA2I
28,0.886644,DA2K
29,0.6467853,DA2L
30,0.5986023,DA2M
31,0.19724935,DA2N
32,0.8273474,DA2P
33,0.6736915,DA2Q
34,0.8818605,DA2R
35,0.39971244,DA2S
36,0.7742276,DA2T
37,0.7795979,DA2V
38,0.5936514,DA2W
39,0.81286025,DA2Y
40,-0.070326194,KA3A
41,-0.09723477,KA3C
42,0.08285455,KA3D
43,0.06387744,KA3E
44,0.12230926,KA3F
45,0.10340332,KA3G
46,0.032976024,KA3H
47,0.11303748,KA3I
48,0.0,KA3K
49,0.068633236,KA3L
50,0.08610218,KA3M
51,0.1876474,KA3N
52,-0.15373974,KA3P
53,0.10674806,KA3Q
54,0.08626108,KA3R
55,-0.032809883,KA3S
56,0.08477418,KA3T
57,0.07303862,KA3V
58,0.029809535,KA3W
59,0.16028032,KA3Y
60,0.44814244,CA4A
61,0.0,CA4C
62,1.2108402,CA4D
63,1.3137617,CA4E
64,-0.4092083,CA4F
65,1.5234432,CA4G
66,0.2007097,CA4H
67,0.86201537,CA4I
68,1.031638,CA4K
69,0.44293347,CA4L
70,0.4458229,CA4M
71,0.8651176,CA4N
72,1.7797878,CA4P
73,0.6204872,CA4Q
74,0.74453604,CA4R
75,0.63332444,CA4S
76,0.74492824,CA4T
77,0.73701906,CA4V
78,-0.01484549,CA4W
79,0.33747885,CA4Y
80,0.48124856,KA5A
81,0.23392496,KA5C
82,1.1315851,KA5D
83,0.98250175,KA5E
84,0.30440113,KA5F
85,1.0132649,KA5G
86,0.28131416,KA5H
87,0.39623523,KA5I
88,0.0,KA5K
89,-0.0005530417,KA5L
90,0.22160882,KA5M
91,0.67497104,KA5N
92,1.6830524,KA5P
93,0.4104417,KA5Q
94,0.13347161,KA5R
95,0.6166792,KA5S
96,0.5432528,KA5T
97,0.47956002,KA5V
98,0.26963165,KA5W
99,0.2986839,KA5Y
100,0.7423794,KA6A
101,0.36846632,KA6C
102,1.7497413,KA6D
103,1.1497158,KA6E
104,0.3565631,KA6F
105,1.3620857,KA6G
106,0.5349277,KA6H
107,0.31966376,KA6I
108,0.0,KA6K
109,0.24675483,KA6L
110,0.34850577,KA6M
111,1.1214111,KA6N
112,2.2384849,KA6P
113,0.52881145,KA6Q
114,0.16778433,KA6R
115,0.90124583,KA6S
116,0.6395135,KA6T
117,0.36692443,KA6V
118,0.49950865,KA6W
119,0.4629771,KA6Y
120,0.6546908,VA7A
121,0.29264796,VA7C
122,1.3472822,VA7D
123,1.1125517,VA7E
124,0.3187706,VA7F
125,1.1546528,VA7G
126,0.6738833,VA7H
127,-0.04464209,VA7I
128,0.6554229,VA7K
129,0.24710321,VA7L
130,0.44807717,VA7M
131,1.1346779,VA7N
132,0.9307543,VA7P
133,0.9057189,VA7Q
134,0.7149395,VA7R
135,0.8744564,VA7S
136,0.5627031,VA7T
137,0.0,VA7V
138,0.42660636,VA7W
139,0.4712326,VA7Y
140,1.1692432,YA8A
141,0.6864877,YA8C
142,1.9964637,YA8D
143,2.051683,YA8E
144,0.2835294,YA8F
145,2.3941872,YA8G
146,1.31043,YA8H
147,0.82105947,YA8I
148,1.773941,YA8K
149,0.7263554,YA8L
150,0.74558973,YA8M
151,1.9757488,YA8N
152,2.064926,YA8P
153,1.7074854,YA8Q
154,1.698749,YA8R
155,1.804939,YA8S
156,1.8902862,YA8T
157,1.0235834,YA8V
158,-0.017985463,YA8W
159,0.0,YA8Y
160,0.17615525,EA9A
161,0.045050085,EA9C
162,0.35471904,EA9D
163,0.0,EA9E
164,0.15663251,EA9F
165,0.4060099,EA9G
166,0.22593567,EA9H
167,0.23828815,EA9I
168,0.28760403,EA9K
169,0.20351258,EA9L
170,0.30681708,EA9M
171,0.4902169,EA9N
172,0.4661584,EA9P
173,0.20736495,EA9Q
174,0.5164027,EA9R
175,0.2440251,EA9S
176,0.263138,EA9T
177,0.18292038,EA9V
178,0.19274537,EA9W
179,0.31618306,EA9Y
180,0.5172707,NA10A
181,0.09523481,NA10C
182,0.52438605,NA10D
183,0.67363095,NA10E
184,0.47346604,NA10F
185,0.14057004,NA10G
186,0.28827876,NA10H
187,1.066668,NA10I
188,0.5367147,NA10K
189,0.5141623,NA10L
190,0.5449602,NA10M
191,0.0,NA10N
192,1.6411102,NA10P
193,0.47654852,NA10Q
194,0.6040984,NA10R
195,0.53507066,NA10S
196,0.92652255,NA10T
197,1.1104445,NA10V
198,0.5839482,NA10W
199,0.69609505,NA10Y
200,2.0157194,YA11A
201,1.4879131,YA11C
202,2.3542442,YA11D
203,2.5843034,YA11E
204,0.58944106,YA11F
205,2.756711,YA11G
206,1.725693,YA11H
207,2.078975,YA11I
208,2.453673,YA11K
209,2.0641224,YA11L
210,2.0117478,YA11M
211,2.4940503,YA11N
212,2.7941952,YA11P
213,2.4450352,YA11Q
214,2.3478265,YA11R
215,2.3025665,YA11S
216,2.4578357,YA11T
217,2.2316887,YA11V
218,0.5966172,YA11W
219,0.0,YA11Y
220,0.4953478,PA12A
221,0.527907,PA12C
222,0.5443545,PA12D
223,0.68335736,PA12E
224,0.7783971,PA12F
225,0.8414199,PA12G
226,0.84020865,PA12H
227,0.71346694,PA12I
228,0.9068421,PA12K
229,0.5008159,PA12L
230,0.7485733,PA12M
231,0.8622926,PA12N
232,0.0,PA12P
233,0.84843886,PA12Q
234,1.0305784,PA12R
235,0.56379825,PA12S
236,0.9036203,PA12T
237,0.73914796,PA12V
238,0.9064165,PA12W
239,1.0530926,PA12Y
240,-0.08824977,VA13A
241,-0.12655067,VA13C
242,0.17726496,VA13D
243,-0.028969228,VA13E
244,0.11093583,VA13F
245,0.31738496,VA13G
246,0.10078733,VA13H
247,0.0565004,VA13I
248,0.11272019,VA13K
249,0.12009709,VA13L
250,0.09100875,VA13M
251,0.35185793,VA13N
252,0.037542507,VA13P
253,0.09504502,VA13Q
254,0.17597598,VA13R
255,-0.006097123,VA13S
256,0.11298827,VA13T
257,0.0,VA13V
258,-0.020922273,VA13W
259,0.1419718,VA13Y
260,0.09243612,SA14A
261,-0.14920793,SA14C
262,0.18579623,SA14D
263,0.0499973,SA14E
264,0.046057835,SA14F
265,0.4066347,SA14G
266,-0.004721537,SA14H
267,0.27025953,SA14I
268,0.27740514,SA14K
269,0.24270716,SA14L
270,0.11391658,SA14M
271,0.20614749,SA14N
272,0.93581986,SA14P
273,0.15695232,SA14Q
274,0.26765412,SA14R
275,0.0,SA14S
276,0.07172435,SA14T
277,0.2489758,SA14V
278,-0.2156304,SA14W
279,-0.085250124,SA14Y
280,0.24760276,KA15A
281,0.14974374,KA15C
282,0.8331274,KA15D
283,0.7981241,KA15E
284,0.20154655,KA15F
285,0.85206497,KA15G
286,0.19917873,KA15H
287,0.47944203,KA15I
288,0.0,KA15K
289,-0.068656,KA15L
290,0.15297142,KA15M
291,0.56039083,KA15N
292,1.697581,KA15P
293,0.36557025,KA15Q
294,0.14103937,KA15R
295,0.5169425,KA15S
296,0.6627132,KA15T
297,0.60898936,KA15V
298,0.15261889,KA15W
299,0.1540525,KA15Y
300,0.17745563,CA16A
301,0.0,CA16C
302,1.6238177,CA16D
303,1.2561064,CA16E
304,-0.4864115,CA16F
305,1.0190932,CA16G
306,0.77765983,CA16H
307,0.17128375,CA16I
308,1.3516438,CA16K
309,-0.011961758,CA16L
310,0.37749273,CA16M
311,1.236504,CA16N
312,1.6336453,CA16P
313,0.7634233,CA16Q
314,1.006348,CA16R
315,0.6703556,CA16S
316,0.47782603,CA16T
317,0.29189858,CA16V
318,0.54129577,CA16W
319,0.77247655,CA16Y
320,0.17761207,QA17A
321,-0.17648959,QA17C
322,0.5210533,QA17D
323,0.32595727,QA17E
324,0.015847981,QA17F
325,0.39805943,QA17G
326,0.13717034,QA17H
327,0.19316986,QA17I
328,0.184149,QA17K
329,-0.116322845,QA17L
330,-0.0957461,QA17M
331,0.34437007,QA17N
332,1.3016937,QA17P
333,0.0,QA17Q
334,0.25220358,QA17R
335,0.36625022,QA17S
336,0.22535196,QA17T
337,0.2757671,QA17V
338,-0.024802119,QA17W
339,0.07797776,QA17Y
340,0.31858325,LA18A
341,-0.029981107,LA18C
342,0.6716399,LA18D
343,0.27971312,LA18E
344,0.20770022,LA18F
345,0.8512809,LA18G
346,0.28869674,LA18H
347,-0.112252474,LA18I
348,0.22794549,LA18K
349,0.0,LA18L
350,0.027207673,LA18M
351,0.58418435,LA18N
352,1.3835541,LA18P
353,0.18700069,LA18Q
354,0.19676048,LA18R
355,0.4490987,LA18S
356,0.22802353,LA18T
357,0.055469185,LA18V
358,0.158929,LA18W
359,0.32270017,LA18Y
360,0.0,AA19A
361,-0.075478524,AA19C
362,0.1837186,AA19D
363,0.079909064,AA19E
364,-0.0011825785,AA19F
365,0.09720949,AA19G
366,-0.02315943,AA19H
367,0.065351434,AA19I
368,-0.033220127,AA19K
369,0.043633625,AA19L
370,0.1382854,AA19M
371,0.19294536,AA19N
372,-0.18758069,AA19P
373,0.077976845,AA19Q
374,0.0702528,AA19R
375,0.059997,AA19S
376,0.13043925,AA19T
377,0.03566419,AA19V
378,0.043099925,AA19W
379,0.15370823,AA19Y
380,0.34064114,NA20A
381,-0.10258445,NA20C
382,0.22151813,NA20D
383,0.31194508,NA20E
384,0.106847435,NA20F
385,-0.13851687,NA20G
386,0.12801468,NA20H
387,0.94184303,NA20I
388,0.5086118,NA20K
389,0.34872887,NA20L
390,0.32026616,NA20M
391,0.0,NA20N
392,1.5051243,NA20P
393,0.33956778,NA20Q
394,0.64751023,NA20R
395,0.4038766,NA20S
396,0.79512775,NA20T
397,1.0113752,NA20V
398,0.23049805,NA20W
399,0.2959626,NA20Y
400,-0.0734297,QA21A
401,0.2456376,QA21C
402,1.3258066,QA21D
403,0.6166506,QA21E
404,0.43285602,QA21F
405,1.1540649,QA21G
406,0.5749536,QA21H
407,0.4425435,QA21I
408,0.3438273,QA21K
409,-0.0023000836,QA21L
410,0.03131026,QA21M
411,1.021985,QA21N
412,2.2410836,QA21P
413,0.0,QA21Q
414,0.19418055,QA21R
415,0.6436464,QA21S
416,0.8830769,QA21T
417,0.64289874,QA21V
418,0.43686014,QA21W
419,0.5691314,QA21Y
420,-0.67236334,CA22A
421,0.0,CA22C
422,1.5832782,CA22D
423,1.3521581,CA22E
424,0.14411843,CA22F
425,1.0626364,CA22G
426,1.2390435,CA22H
427,-0.12542325,CA22I
428,1.8569913,CA22K
429,-0.17143649,CA22L
430,0.5319278,CA22M
431,1.6229527,CA22N
432,0.5444603,CA22P
433,1.2191066,CA22Q
434,1.8364294,CA22R
435,0.98734695,CA22S
436,1.2654079,CA22T
437,-0.04266405,CA22V
438,0.9247854,CA22W
439,1.2256968,CA22Y
440,0.1266194,NA23A
441,0.16359627,NA23C
442,0.059861273,NA23D
443,0.16588208,NA23E
444,0.7704382,NA23F
445,0.65932703,NA23G
446,0.5251397,NA23H
447,0.88517785,NA23I
448,0.9735047,NA23K
449,0.5701842,NA23L
450,0.7013724,NA23M
451,0.0,NA23N
452,1.9708223,NA23P
453,0.49315336,NA23Q
454,0.93279403,NA23R
455,0.04410857,NA23S
456,0.39352658,NA23T
457,0.97474504,NA23V
458,0.64973384,NA23W
459,0.7923557,NA23Y
460,0.19699192,YA24A
461,-0.043967456,YA24C
462,0.8378942,YA24D
463,0.3703012,YA24E
464,-0.08305201,YA24F
465,0.90035176,YA24G
466,0.17052719,YA24H
467,0.11125955,YA24I
468,0.008771151,YA24K
469,-0.13609725,YA24L
470,0.06050645,YA24M
471,0.42983678,YA24N
472,2.1552486,YA24P
473,0.103239834,YA24Q
474,-0.09992936,YA24R
475,0.38106236,YA24S
476,0.24656698,YA24T
477,0.21717402,YA24V
478,0.019328147,YA24W
479,0.0,YA24Y
480,0.3796172,DA25A
481,0.13250005,DA25C
482,0.0,DA25D
483,0.17561331,DA25E
484,0.48413813,DA25F
485,1.2055227,DA25G
486,0.6937667,DA25H
487,0.11259812,DA25I
488,0.7300455,DA25K
489,0.008248448,DA25L
490,0.21518996,DA25M
491,0.5514386,DA25N
492,2.1706288,DA25P
493,0.3757088,DA25Q
494,0.80719507,DA25R
495,0.54393566,DA25S
496,0.3609912,DA25T
497,0.43404102,DA25V
498,0.43601838,DA25W
499,0.34130406,DA25Y
500,-0.3326599,CA26A
501,0.0,CA26C
502,1.1629381,CA26D
503,0.6551187,CA26E
504,-0.56257325,CA26F
505,1.0713992,CA26G
506,0.28328568,CA26H
507,0.34165266,CA26I
508,0.85433644,CA26K
509,-0.3260845,CA26L
510,0.2625067,CA26M
511,0.60881466,CA26N
512,1.9565686,CA26P
513,0.1026077,CA26Q
514,0.31839344,CA26R
515,0.40626943,CA26S
516,0.80702627,CA26T
517,0.58191884,CA26V
518,0.38077265,CA26W
519,0.70271194,CA26Y
520,0.89812267,KA27A
521,0.5611753,KA27C
522,1.7784436,KA27D
523,1.1766496,KA27E
524,0.9182686,KA27F
525,1.5265644,KA27G
526,0.9531975,KA27H
527,0.15490222,KA27I
528,0.0,KA27K
529,0.35240322,KA27L
530,0.19162971,KA27M
531,1.2137249,KA27N
532,2.3563347,KA27P
533,0.3228191,KA27Q
534,-0.031457603,KA27R
535,1.1455646,KA27S
536,0.9674895,KA27T
537,0.4258855,KA27V
538,0.89061797,KA27W
539,0.8981326,KA27Y
540,0.27135006,LA28A
541,0.0065707564,LA28C
542,0.84499705,LA28D
543,0.4136138,LA28E
544,0.20196688,LA28F
545,0.85007924,LA28G
546,0.20548886,LA28H
547,0.1408304,LA28I
548,0.018069327,LA28K
549,0.0,LA28L
550,0.10163365,LA28M
551,0.2982019,LA28N
552,1.8691335,LA28P
553,0.11152056,LA28Q
554,-0.03515446,LA28R
555,0.24132311,LA28S
556,0.073328644,LA28T
557,0.14184335,LA28V
558,0.277274,LA28W
559,0.28554398,LA28Y
560,0.13706005,DA29A
561,-0.18706286,DA29C
562,0.0,DA29D
563,-0.040883347,DA29E
564,0.092805445,DA29F
565,0.5401656,DA29G
566,0.13264811,DA29H
567,0.051562287,DA29I
568,0.095330104,DA29K
569,-0.021578878,DA29L
570,0.023682699,DA29M
571,0.07970794,DA29N
572,1.4425552,DA29P
573,-0.03884217,DA29Q
574,0.15343536,DA29R
575,0.20269066,DA29S
576,0.103098415,DA29T
577,0.117183,DA29V
578,0.11741978,DA29W
579,0.12507932,DA29Y
580,0.1304946,KA30A
581,-0.0755848,KA30C
582,0.8746426,KA30D
583,0.41971102,KA30E
584,-0.25604573,KA30F
585,0.3985783,KA30G
586,0.040645927,KA30H
587,0.2964771,KA30I
588,0.0,KA30K
589,-0.3431941,KA30L
590,-0.12229639,KA30M
591,0.57969475,KA30N
592,1.0738772,KA30P
593,0.31097353,KA30Q
594,0.32599485,KA30R
595,0.54570234,KA30S
596,0.8263508,KA30T
597,0.474139,KA30V
598,-0.13265434,KA30W
599,-0.26269624,KA30Y
600,0.22282377,HA31A
601,0.1220476,HA31C
602,0.74025995,HA31D
603,0.6991756,HA31E
604,0.33558023,HA31F
605,0.2530955,HA31G
606,0.0,HA31H
607,0.9763055,HA31I
608,0.17103273,HA31K
609,0.448295,HA31L
610,0.50505126,HA31M
611,0.3324002,HA31N
612,1.5062182,HA31P
613,0.26374713,HA31Q
614,0.29933354,HA31R
615,0.413801,HA31S
616,0.7477594,HA31T
617,1.0418463,HA31V
618,0.5288767,HA31W
619,0.63164544,HA31Y
620,0.0,AA32A
621,1.0098225,AA32C
622,2.7567658,AA32D
623,2.7251465,AA32E
624,1.4846234,AA32F
625,1.7292258,AA32G
626,2.2911487,AA32H
627,1.4027264,AA32I
628,2.8176715,AA32K
629,1.4357028,AA32L
630,1.6752417,AA32M
631,2.7411356,AA32N
632,2.4638615,AA32P
633,2.1370118,AA32Q
634,2.6690917,AA32R
635,1.7808466,AA32S
636,2.1286032,AA32T
637,1.508341,AA32V
638,1.8903514,AA32W
639,1.8760928,AA32Y
640,0.420131,RA33A
641,0.016500652,RA33C
642,0.88222015,RA33D
643,0.5494892,RA33E
644,-0.0003219843,RA33F
645,0.6974973,RA33G
646,0.08249378,RA33H
647,0.29334217,RA33I
648,0.1968543,RA33K
649,0.23174992,RA33L
650,0.35634345,RA33M
651,0.32494035,RA33N
652,1.546242,RA33P
653,0.32895973,RA33Q
654,0.0,RA33R
655,0.3333353,RA33S
656,0.34288684,RA33T
657,0.36149007,RA33V
658,-0.12421727,RA33W
659,-0.06033963,RA33Y
660,0.47290257,SA34A
661,0.3387105,SA34C
662,0.7185677,SA34D
663,0.743438,SA34E
664,0.53635263,SA34F
665,0.68382883,SA34G
666,0.3742131,SA34H
667,0.9483567,SA34I
668,0.59784675,SA34K
669,0.89703506,SA34L
670,0.75603855,SA34M
671,0.43406054,SA34N
672,1.5657325,SA34P
673,0.5880336,SA34Q
674,0.48456693,SA34R
675,0.0,SA34S
676,0.060251355,SA34T
677,0.83334863,SA34V
678,0.5382294,SA34W
679,0.5743374,SA34Y
680,0.97242224,GA35A
681,1.1785035,GA35C
682,2.4291782,GA35D
683,2.0245676,GA35E
684,1.3409433,GA35F
685,0.0,GA35G
686,1.8608487,GA35H
687,1.8595632,GA35I
688,1.9924389,GA35K
689,1.5455596,GA35L
690,1.824705,GA35M
691,1.9330937,GA35N
692,2.4944925,GA35P
693,1.7532811,GA35Q
694,2.0132165,GA35R
695,1.7752942,GA35S
696,2.22366,GA35T
697,2.1281896,GA35V
698,1.8800741,GA35W
699,1.8071531,GA35Y
700,0.26827174,EA36A
701,0.0005296469,EA36C
702,0.7429127,EA36D
703,0.0,EA36E
704,0.023180604,EA36F
705,1.0204632,EA36G
706,0.3715192,EA36H
707,0.4190179,EA36I
708,0.5308402,EA36K
709,0.48608077,EA36L
710,0.34086484,EA36M
711,0.6710865,EA36N
712,2.1775804,EA36P
713,0.14975125,EA36Q
714,0.6105457,EA36R
715,0.32023138,EA36S
716,0.12762946,EA36T
717,0.26195434,EA36V
718,0.1655201,EA36W
719,0.2520849,EA36Y
720,-0.5206431,CA37A
721,0.0,CA37C
722,1.1949248,CA37D
723,0.8067214,CA37E
724,0.05944425,CA37F
725,0.9142632,CA37G
726,0.82224226,CA37H
727,0.6063564,CA37I
728,1.298481,CA37K
729,0.20101637,CA37L
730,0.4096614,CA37M
731,1.0632124,CA37N
732,1.9494649,CA37P
733,0.47516355,CA37Q
734,1.0383581,CA37R
735,0.47790644,CA37S
736,1.0389384,CA37T
737,0.61116034,CA37V
738,0.53793234,CA37W
739,0.82507426,CA37Y
740,0.689145,FA38A
741,0.28232288,FA38C
742,1.5469475,FA38D
743,0.6656048,FA38E
744,0.0,FA38F
745,1.32797,FA38G
746,0.5685847,FA38H
747,0.4463432,FA38I
748,0.4292665,FA38K
749,0.43409154,FA38L
750,0.3780109,FA38M
751,1.1415422,FA38N
752,2.2420733,FA38P
753,0.41229036,FA38Q
754,0.4286041,FA38R
755,0.816678,FA38S
756,0.6061513,FA38T
757,0.30879858,FA38V
758,0.44956642,FA38W
759,0.5623047,FA38Y
760,0.59732723,YA39A
761,0.0939194,YA39C
762,1.4229398,YA39D
763,0.9046235,YA39E
764,-0.14748186,YA39F
765,1.0710602,YA39G
766,0.49151355,YA39H
767,0.22891149,YA39I
768,0.4679165,YA39K
769,-0.022881567,YA39L
770,0.14169559,YA39M
771,0.9908983,YA39N
772,1.4814682,YA39P
773,0.614416,YA39Q
774,0.5527817,YA39R
775,0.8393783,YA39S
776,0.569289,YA39T
777,0.21281087,YA39V
778,0.016535044,YA39W
779,0.0,YA39Y
780,1.195036,DA40A
781,0.47741395,DA40C
782,0.0,DA40D
783,1.2088821,DA40E
784,1.1354237,DA40F
785,0.8215414,DA40G
786,0.95058215,DA40H
787,1.3346779,DA40I
788,1.2679513,DA40K
789,1.0910529,DA40L
790,1.0472691,DA40M
791,0.09147841,DA40N
792,1.5059006,DA40P
793,1.1396085,DA40Q
794,1.2778635,DA40R
795,0.4204662,DA40S
796,0.6818875,DA40T
797,1.2977959,DA40V
798,1.0316389,DA40W
799,1.0327002,DA40Y
800,-0.11139119,EA41A
801,-0.09823762,EA41C
802,0.018954083,EA41D
803,0.0,EA41E
804,0.1428541,EA41F
805,0.10645636,EA41G
806,0.03950106,EA41H
807,0.17011088,EA41I
808,0.064545974,EA41K
809,0.10723198,EA41L
810,0.13331789,EA41M
811,0.21466352,EA41N
812,-0.0035751835,EA41P
813,0.055797108,EA41Q
814,0.1292512,EA41R
815,-0.06917377,EA41S
816,0.12957558,EA41T
817,0.14594959,EA41V
818,0.030242827,EA41W
819,0.18311389,EA41Y
820,0.1332111,KA42A
821,-0.12988925,KA42C
822,0.42273363,KA42D
823,0.3690505,KA42E
824,0.16275412,KA42F
825,0.33696467,KA42G
826,-0.04196289,KA42H
827,0.53728783,KA42I
828,0.0,KA42K
829,0.174847,KA42L
830,0.15165596,KA42M
831,0.039271027,KA42N
832,1.3146431,KA42P
833,0.1321021,KA42Q
834,0.11841056,KA42R
835,0.14507735,KA42S
836,0.2360785,KA42T
837,0.48351553,KA42V
838,0.14361902,KA42W
839,0.27899033,KA42Y
840,0.049740672,KA43A
841,-0.1391581,KA43C
842,0.44246334,KA43D
843,0.43312064,KA43E
844,0.17885378,KA43F
845,-0.009134844,KA43G
846,-0.008162916,KA43H
847,0.7032751,KA43I
848,0.0,KA43K
849,0.18402934,KA43L
850,0.10372776,KA43M
851,0.14839411,KA43N
852,1.2807894,KA43P
853,0.13780656,KA43Q
854,0.13054493,KA43R
855,0.25528252,KA43S
856,0.5765748,KA43T
857,0.7540498,KA43V
858,0.14628021,KA43W
859,0.26445004,KA43Y
860,0.18742222,NA44A
861,-0.24737468,NA44C
862,0.5957178,NA44D
863,0.09923449,NA44E
864,-0.09502377,NA44F
865,0.62752724,NA44G
866,0.04068418,NA44H
867,-0.039699547,NA44I
868,-0.08865338,NA44K
869,-0.041576438,NA44L
870,0.062091082,NA44M
871,0.0,NA44N
872,1.7605789,NA44P
873,-0.08318334,NA44Q
874,-0.10800982,NA44R
875,0.1630075,NA44S
876,-0.008650884,NA44T
877,-0.13917434,NA44V
878,0.029621653,NA44W
879,0.08165094,NA44Y
880,0.851135,LA45A
881,0.4778582,LA45C
882,1.8504722,LA45D
883,1.4355354,LA45E
884,0.48626906,LA45F
885,1.3945271,LA45G
886,1.0173428,LA45H
887,0.38297665,LA45I
888,0.95740604,LA45K
889,0.0,LA45L
890,0.19449091,LA45M
891,1.5719786,LA45N
892,1.0692368,LA45P
893,1.2419341,LA45Q
894,1.0161512,LA45R
895,1.3822197,LA45S
896,1.3988187,LA45T
897,0.62885606,LA45V
898,0.39265656,LA45W
899,0.5560613,LA45Y
900,0.45664424,QA46A
901,0.05532232,QA46C
902,1.3616754,QA46D
903,0.6908406,QA46E
904,0.3049436,QA46F
905,1.31134,QA46G
906,0.5184436,QA46H
907,-0.19317225,QA46I
908,0.10691625,QA46K
909,-0.088458985,QA46L
910,-0.09429929,QA46M
911,0.8330627,QA46N
912,2.3028219,QA46P
913,0.0,QA46Q
914,-0.021662384,QA46R
915,0.689716,QA46S
916,0.2787141,QA46T
917,-0.019921869,QA46V
918,0.37651178,QA46W
919,0.46373597,QA46Y
920,-0.5792508,CA47A
921,0.0,CA47C
922,2.1220198,CA47D
923,1.6628373,CA47E
924,-0.101175725,CA47F
925,1.2663174,CA47G
926,1.5933864,CA47H
927,0.08174592,CA47I
928,1.9300714,CA47K
929,-0.4186617,CA47L
930,0.2868861,CA47M
931,2.011294,CA47N
932,1.6819931,CA47P
933,1.4510957,CA47Q
934,1.8224754,CA47R
935,1.0317403,CA47S
936,1.4659091,CA47T
937,0.1427387,CA47V
938,0.8773303,CA47W
939,0.7715659,CA47Y
940,1.5887994,IA48A
941,0.8753566,IA48C
942,2.989028,IA48D
943,2.3567219,IA48E
944,0.6913157,IA48F
945,2.2774897,IA48G
946,1.6330789,IA48H
947,0.0,IA48I
948,1.460774,IA48K
949,0.34904718,IA48L
950,0.6379136,IA48M
951,2.3043137,IA48N
952,2.7843642,IA48P
953,1.8086063,IA48Q
954,1.3350914,IA48R
955,2.132124,IA48S
956,1.5689589,IA48T
957,0.46799278,IA48V
958,0.71785647,IA48W
959,0.6498471,IA48Y
960,0.040485382,CA49A
961,0.0,CA49C
962,1.7422295,CA49D
963,0.9578167,CA49E
964,-0.8226558,CA49F
965,1.6373813,CA49G
966,0.57156456,CA49H
967,0.042650223,CA49I
968,1.2917407,CA49K
969,-0.36871403,CA49L
970,0.21912727,CA49M
971,1.2299123,CA49N
972,2.235168,CA49P
973,0.6063175,CA49Q
974,0.91482544,CA49R
975,0.817758,CA49S
976,0.790694,CA49T
977,0.1906698,CA49V
978,0.14053762,CA49W
979,0.4323913,CA49Y
980,0.7239145,DA50A
981,0.040565073,DA50C
982,0.0,DA50D
983,0.71298933,DA50E
984,0.3405159,DA50F
985,1.0829988,DA50G
986,0.31905583,DA50H
987,0.67364466,DA50I
988,0.8308335,DA50K
989,0.5664042,DA50L
990,0.5405717,DA50M
991,-0.036453247,DA50N
992,1.9299192,DA50P
993,0.509193,DA50Q
994,0.8774345,DA50R
995,0.44562745,DA50S
996,0.40059856,DA50T
997,0.68421733,DA50V
998,0.27549934,DA50W
999,0.3666857,DA50Y
1000,1.4135392,YA51A
1001,0.72440064,YA51C
1002,2.0886543,YA51D
1003,1.951228,YA51E
1004,-0.20722508,YA51F
1005,1.7204888,YA51G
1006,0.7528263,YA51H
1007,1.5619137,YA51I
1008,1.479878,YA51K
1009,1.2050395,YA51L
1010,1.2636145,YA51M
1011,1.6955876,YA51N
1012,2.307919,YA51P
1013,1.5352846,YA51Q
1014,1.516569,YA51R
1015,1.6707917,YA51S
1016,1.601157,YA51T
1017,1.6397218,YA51V
1018,0.27481318,YA51W
1019,0.0,YA51Y
1020,0.1136632,CA52A
1021,0.0,CA52C
1022,0.48787487,CA52D
1023,0.47516888,CA52E
1024,0.31502336,CA52F
1025,0.5825888,CA52G
1026,0.15959096,CA52H
1027,0.32881254,CA52I
1028,0.12271319,CA52K
1029,0.20936401,CA52L
1030,0.24803108,CA52M
1031,0.19303173,CA52N
1032,1.3269892,CA52P
1033,0.019568697,CA52Q
1034,-0.012805909,CA52R
1035,-0.15140559,CA52S
1036,-0.29004145,CA52T
1037,0.27820364,CA52V
1038,0.45066005,CA52W
1039,0.50730056,CA52Y
1040,-0.12115266,EA53A
1041,-0.13086712,EA53C
1042,0.010536939,EA53D
1043,0.0,EA53E
1044,0.051174104,EA53F
1045,-0.014019139,EA53G
1046,0.012528598,EA53H
1047,0.0785618,EA53I
1048,-0.03890585,EA53K
1049,-0.0014609545,EA53L
1050,0.048741147,EA53M
1051,0.121411555,EA53N
1052,-0.33859727,EA53P
1053,0.02050794,EA53Q
1054,0.069176055,EA53R
1055,-0.11930573,EA53S
1056,0.0026907846,EA53T
1057,0.022704165,EA53V
1058,0.05386705,EA53W
1059,0.15864268,EA53Y
1060,-0.084127724,YA54A
1061,-0.1435778,YA54C
1062,-0.027369142,YA54D
1063,0.0027387207,YA54E
1064,0.053229094,YA54F
1065,0.022813395,YA54G
1066,-0.06539816,YA54H
1067,0.12715167,YA54I
1068,-0.06311328,YA54K
1069,0.0066516837,YA54L
1070,0.018560613,YA54M
1071,0.09050796,YA54N
1072,0.022094414,YA54P
1073,0.054035477,YA54Q
1074,0.008527002,YA54R
1075,-0.044606563,YA54S
1076,0.13989086,YA54T
1077,0.10878599,YA54V
1078,-0.064629704,YA54W
1079,0.0,YA54Y
