chain,position,mut,ddG
A,1,N,-0.0771007090806961
A,1,K,0.6266512274742126
A,1,L,1.0820438861846924
A,1,Q,-0.0503811351954937
A,1,D,-0.015259161591529846
A,1,R,1.2254931926727295
A,1,H,0.6932541131973267
A,1,A,0.23972709476947784
A,1,I,0.8362102508544922
A,1,C,0.2988714575767517
A,1,G,-0.4004024565219879
A,1,E,0.2944255769252777
A,1,P,0.2730298936367035
A,1,T,-0.45695528388023376
A,1,F,0.27695751190185547
A,1,V,-0.04934811592102051
A,2,N,-0.32220789790153503
A,1,M,0.20905563235282898
A,1,W,0.9946126937866211
A,1,S,0.03707730025053024
A,1,Y,0.4886515140533447
A,2,D,-0.17721758782863617
A,2,R,-0.17331044375896454
A,2,A,-0.7239171266555786
A,2,C,
A,2,S,-0.498035192489624
A,2,K,-0.6649140119552612
A,2,I,0.3883083760738373
A,2,G,-0.7120245099067688
A,2,P,-0.629482090473175
A,2,H,-0.42501941323280334
A,2,Q,-0.5536338686943054
A,2,L,0.7385973930358887
A,2,F,0.20473253726959229
A,2,E,-0.1353580802679062
A,2,M,0.10366228967905045
A,2,T,-0.42970171570777893
A,3,R,0.5243660807609558
A,3,Q,-0.13372810184955597
A,3,A,0.0006174828158691525
A,3,G,0.31622493267059326
A,2,V,-0.23272404074668884
A,2,Y,-0.15902382135391235
A,3,H,-0.07806577533483505
A,3,N,0.27773356437683105
A,3,D,0.39999067783355713
A,2,W,0.4480586647987366
A,3,E,0.08834526687860489
A,3,C,0.42420855164527893
A,3,L,1.363905906677246
A,4,A,0.1713956892490387
A,3,T,0.22466349601745605
A,3,S,0.21793708205223083
A,3,F,0.303378164768219
A,3,P,-0.2043645828962326
A,3,Y,0.3827659487724304
A,3,W,0.5717719197273254
A,3,V,0.5289315581321716
A,3,I,0.9855509996414185
A,3,M,1.2791963815689087
A,3,K,0.26823481917381287
A,4,N,
A,4,C,0.18199197947978973
A,4,L,0.4164717197418213
A,4,E,0.3608439862728119
A,4,Q,0.5427182912826538
A,4,I,0.18199197947978973
A,4,K,0.18199197947978973
A,4,M,0.34589534997940063
A,4,G,0.48131102323532104
A,4,R,0.3608439862728119
A,4,D,0.3664063811302185
A,4,H,0.3608439862728119
A,4,F,0.3664063811302185
A,4,S,0.44352760910987854
A,5,N,-0.856705367565155
A,4,V,0.48131102323532104
A,4,T,0.34589534997940063
A,5,R,0.36377131938934326
A,5,Q,-0.7780176997184753
A,4,W,0.34589534997940063
A,4,P,0.4437939524650574
A,5,C,-0.19100792706012726
A,5,D,-0.6897918581962585
A,4,Y,0.45746737718582153
A,5,A,-0.8319565057754517
A,5,T,-0.29030030965805054
A,5,W,0.871302604675293
A,5,E,-0.647148072719574
A,5,H,-0.2920383810997009
A,5,G,-1.8241897821426392
A,5,L,0.6399363875389099
A,5,M,-0.08255714923143387
A,5,K,-0.28200381994247437
A,5,F,0.6791731715202332
A,5,S,-1.1921513080596924
A,5,I,0.7231401205062866
A,5,P,-1.7220783233642578
A,6,I,1.6399238109588623
A,6,R,0.44668418169021606
A,6,A,-0.7189141511917114
A,6,G,-1.7220054864883423
A,6,Q,-0.435374915599823
A,6,C,0.9980937838554382
A,6,N,-0.53917396068573
A,6,D,-0.5952660441398621
A,6,E,-0.2721726894378662
A,6,H,-0.06621481478214264
A,5,V,0.8259773254394531
A,5,Y,0.7837377786636353
A,6,F,1.0223808288574219
A,7,R,0.19845294952392578
A,6,W,1.1968272924423218
A,6,S,-0.6823962330818176
A,6,Y,1.0726069211959839
A,6,P,-0.39289188385009766
A,6,M,0.5715752840042114
A,6,V,1.119496464729309
A,6,T,-0.11890828609466553
A,6,K,-0.014884913340210915
A,7,A,-1.342207670211792
A,6,L,0.7952114939689636
A,7,Q,-1.2801880836486816
A,7,E,-1.6438674926757812
A,7,C,-0.2355099469423294
A,7,I,0.7616480588912964
A,7,H,-0.9942411184310913
A,7,F,0.6863347291946411
A,7,M,-0.4578360617160797
A,7,D,-0.8563457727432251
A,7,N,-1.2468923330307007
A,7,L,0.5567919611930847
A,7,G,-2.060986042022705
A,7,K,-0.5973159074783325
A,7,W,0.3542744517326355
A,7,V,0.017384570091962814
A,7,P,-1.894533395767212
A,8,Q,-0.731212317943573
A,7,T,-1.6486895084381104
A,8,N,-0.28048452734947205
A,7,S,-1.4913630485534668
A,8,D,-0.33576500415802
A,7,Y,0.4172127842903137
A,8,A,-1.284551739692688
A,8,R,0.5935987830162048
A,8,C,0.48120537400245667
A,8,H,-0.12265125662088394
A,8,K,-0.192868173122406
A,8,G,-2.301286220550537
A,8,M,0.8119385838508606
A,8,T,-0.2177007645368576
A,8,E,-0.4635467529296875
A,8,S,-0.0769595354795456
A,8,L,1.06056809425354
A,8,F,0.5028978586196899
A,8,W,0.5492819547653198
A,8,P,-0.6326574087142944
A,8,I,1.661424994468689
A,9,E,-0.022435951977968216
A,9,D,0.10733874142169952
A,8,V,0.7227029204368591
A,8,Y,-0.08761515468358994
A,9,G,-0.22366270422935486
A,9,R,0.3433648943901062
A,9,C,0.4740389883518219
A,9,I,1.0323647260665894
A,9,N,0.042757559567689896
A,9,Q,-0.01266990602016449
A,9,H,0.12062986195087433
A,9,A,-0.1730620563030243
A,9,P,-0.019264698028564453
A,9,S,0.13118991255760193
A,9,M,0.8418554067611694
A,10,A,-0.4091161787509918
A,9,W,0.24312806129455566
A,9,V,0.6798921823501587
A,9,F,0.603922426700592
A,9,T,0.3124259412288666
A,9,L,1.3541752099990845
A,9,K,-0.1626092940568924
A,9,Y,0.729453444480896
A,10,R,0.11591015756130219
A,10,D,0.19509689509868622
A,10,G,-0.2718959450721741
A,10,M,0.8646835088729858
A,10,K,-0.18481682240962982
A,10,Q,-0.4547600746154785
A,10,I,0.7908199429512024
A,10,E,0.02487773820757866
A,10,L,1.5667455196380615
A,10,H,-0.06698370724916458
A,10,N,-0.058063410222530365
A,10,C,0.4396798610687256
A,10,F,0.5347312688827515
A,11,A,-1.7439689636230469
A,10,S,-0.3170815408229828
A,10,V,0.816372275352478
A,10,P,-0.8215831518173218
A,11,Q,-0.9929735064506531
A,11,C,-0.29443949460983276
A,10,W,0.510316014289856
A,10,Y,0.6446294784545898
A,11,D,-0.6502538919448853
A,11,N,-0.48455366492271423
A,10,T,0.10841783136129379
A,11,R,-0.3694058954715729
A,11,G,-3.2860302925109863
A,11,L,0.48843082785606384
A,11,T,0.4340340197086334
A,11,S,0.24753431975841522
A,11,K,-0.9585975408554077
A,11,I,0.6224246621131897
A,11,F,0.31888097524642944
A,11,W,0.829670786857605
A,11,E,-1.0958386659622192
A,11,M,0.551568329334259
A,11,H,-0.5626336336135864
A,11,P,-1.8118059635162354
A,12,C,0.30565062165260315
A,12,G,-1.1568747758865356
A,12,I,1.2102503776550293
A,12,D,0.14263585209846497
A,12,N,-0.23974330723285675
A,12,A,-1.1653149127960205
A,11,V,0.4220036566257477
A,11,Y,0.10876557976007462
A,12,Q,-0.1769697219133377
A,12,E,0.1557736098766327
A,12,R,0.5489365458488464
A,12,H,-0.12958645820617676
A,12,Y,0.8476771116256714
A,12,T,-0.17068661749362946
A,12,V,0.07450840622186661
A,12,S,-0.15551725029945374
A,12,M,0.6028855443000793
A,12,L,1.8724504709243774
A,13,R,-0.31649839878082275
A,12,P,-0.5944219827651978
A,12,W,1.0590213537216187
A,12,F,1.3015635013580322
A,12,K,-0.1607157289981842
A,13,A,-0.51985764503479
A,13,N,-0.48214736580848694
A,13,G,-1.4483671188354492
A,13,E,-1.564309000968933
A,13,I,0.1926404982805252
A,13,D,-1.0734747648239136
A,13,Q,-1.0704692602157593
A,13,L,0.435804545879364
A,13,K,-0.5029728412628174
A,13,F,0.6584302186965942
A,13,H,-0.5257419347763062
A,13,C,0.22423502802848816
A,13,M,0.40797844529151917
A,13,V,-0.08680161833763123
A,14,N,0.024693941697478294
A,14,A,0.36691346764564514
A,13,Y,0.32910460233688354
A,13,S,-1.0688709020614624
A,13,W,0.4213685989379883
A,13,P,-0.7182778120040894
A,14,C,0.9087852239608765
A,14,R,0.8726531863212585
A,13,T,-0.2943723201751709
A,14,D,0.33806267380714417
A,14,Q,-0.09201826900243759
A,14,P,-0.20403972268104553
A,14,T,0.4959121644496918
A,14,E,-0.13755090534687042
A,14,L,2.1614930629730225
A,14,K,0.03714501112699509
A,14,S,0.13886988162994385
A,14,H,0.44950610399246216
A,14,W,1.2837588787078857
A,14,G,-0.44483238458633423
A,14,F,1.627455711364746
A,14,M,1.7151696681976318
A,14,I,1.3932182788848877
A,14,V,1.514525294303894
A,15,A,-0.005236211232841015
A,15,N,-0.031831320375204086
A,15,D,-0.286855548620224
A,15,H,-0.1047019362449646
A,15,Q,-0.4127562642097473
A,15,C,0.45306915044784546
A,14,Y,0.29343900084495544
A,15,R,0.7571345567703247
A,15,G,-1.7105737924575806
A,15,E,0.005650767590850592
A,15,I,1.1195666790008545
A,15,L,1.8828017711639404
A,15,Y,0.9125000238418579
A,15,P,-0.9337142705917358
A,15,K,-0.1723218858242035
A,15,V,1.1640535593032837
A,15,F,1.3228752613067627
A,15,T,0.10447973012924194
A,16,A,0.30109351873397827
A,15,S,-0.43417078256607056
A,15,M,0.7057675719261169
A,15,W,1.1233536005020142
A,16,R,0.36891821026802063
A,16,I,0.2501238286495209
A,16,D,0.2534416913986206
A,16,H,0.6075624227523804
A,16,L,0.3610493540763855
A,16,N,0.3428593873977661
A,16,G,0.3422965109348297
A,16,Q,0.12389029562473297
A,16,C,0.05479919910430908
A,16,E,0.3530762791633606
A,16,M,0.2714800238609314
A,16,F,0.24493733048439026
A,16,K,0.2534416913986206
A,16,P,0.3663867712020874
A,16,W,0.2630023956298828
A,17,N,-0.10825490951538086
A,17,D,0.3557835817337036
A,16,S,-0.2502433657646179
A,17,C,0.4489060342311859
A,16,T,0.389015257358551
A,17,R,0.560823917388916
A,16,Y,0.3663867712020874
A,17,Q,0.10148449242115021
A,16,V,0.35548144578933716
A,17,A,-0.10340382158756256
A,17,G,-0.5097635984420776
A,17,E,0.4582279324531555
A,17,M,0.5075101256370544
A,17,H,-0.2456749975681305
A,17,S,-0.0063905417919158936
A,17,P,-0.6304267644882202
A,17,L,1.332611083984375
A,17,I,0.31261545419692993
A,17,K,0.2721656858921051
A,17,W,1.3969112634658813
A,17,T,0.47457748651504517
A,17,F,0.6304560303688049
A,17,Y,1.3448801040649414
A,18,A,-1.593623399734497
A,18,C,-0.8164365887641907
A,18,E,-0.9339740872383118
A,18,Q,-1.1802780628204346
A,18,H,-1.3076298236846924
A,18,G,-2.0862510204315186
A,18,D,-1.2879467010498047
A,18,R,-0.8460413813591003
A,18,N,-1.4603506326675415
A,18,I,-0.430988609790802
A,17,V,0.7607474327087402
A,18,P,-1.9665104150772095
A,18,V,-0.7445552945137024
A,19,A,-0.02250174805521965
A,18,K,-1.144235610961914
A,18,S,-1.0200599431991577
A,18,L,-0.1016748696565628
A,18,T,-0.9663670659065247
A,19,R,0.3631395697593689
A,18,M,-0.5048829913139343
A,18,F,-0.42214497923851013
A,18,Y,-0.3845990300178528
A,18,W,-0.30704042315483093
A,19,I,1.0804466009140015
A,19,D,0.23068325221538544
A,19,M,1.342990756034851
A,19,Q,0.07224990427494049
A,19,G,0.26892751455307007
A,19,H,0.252434641122818
A,19,L,1.5366437435150146
A,19,K,-0.016331031918525696
A,19,E,-0.006252408027648926
A,19,N,0.712479829788208
A,19,C,0.5096217393875122
A,19,F,1.1194456815719604
A,19,T,
A,19,Y,1.0536264181137085
A,20,A,-1.236127257347107
A,20,N,-0.7551819682121277
A,19,W,1.087216854095459
A,19,V,0.4800048768520355
A,19,P,0.5701524019241333
A,20,D,-0.42254987359046936
A,20,Q,-0.552601158618927
A,19,S,0.36155375838279724
A,20,R,-0.30975860357284546
A,20,C,-0.018261928111314774
A,20,E,-0.373891144990921
A,20,G,-1.6282474994659424
A,20,L,0.8754789233207703
A,20,P,-0.28329774737358093
A,20,I,0.5536050200462341
A,20,F,0.5750818848609924
A,20,K,-0.42289263010025024
A,20,Y,0.04088513180613518
A,20,M,0.43477535247802734
A,20,H,-0.3919118344783783
A,20,S,-0.5127686262130737
A,20,T,-0.15776410698890686
A,20,W,-0.038601815700531006
A,21,G,-1.8854353427886963
A,21,C,-0.24824249744415283
A,21,A,-0.16838854551315308
A,21,R,0.373506098985672
A,20,V,0.24267852306365967
A,21,E,-0.05499085783958435
A,21,L,1.7103935480117798
A,21,I,0.8154488801956177
A,21,N,-0.17715272307395935
A,21,Q,-0.026449406519532204
A,21,D,-0.5098754167556763
A,21,H,0.03928789868950844
A,21,K,
A,21,F,0.9816436767578125
A,21,P,-2.50504207611084
A,21,Y,0.17654582858085632
A,22,N,-0.2406589686870575
A,21,S,-0.7271398305892944
A,21,W,1.006307601928711
A,22,A,-0.30171212553977966
A,21,M,1.2712615728378296
A,21,V,1.0502963066101074
A,21,T,-0.07270719856023788
A,22,R,0.1835145503282547
A,22,D,-0.11800571531057358
A,22,E,-0.32342225313186646
A,22,K,0.09862871468067169
A,22,L,0.09862871468067169
A,22,F,0.17318443953990936
A,22,P,0.09862871468067169
A,22,S,-0.35518279671669006
A,22,I,-0.004922410007566214
A,22,C,-0.024581899866461754
A,22,G,-0.3764179050922394
A,22,M,-0.1447639763355255
A,22,Q,0.08403028547763824
A,22,H,-0.3344830274581909
A,22,Y,-0.32314521074295044
A,23,A,-0.0066308751702308655
A,22,T,-0.3344830274581909
A,23,G,-1.6632544994354248
A,23,D,0.4025641977787018
A,22,W,0.09862871468067169
A,23,C,0.8434150815010071
A,22,V,-0.3764179050922394
A,23,R,1.0605583190917969
A,23,Q,0.18891724944114685
A,23,N,0.5574572682380676
A,23,E,0.15560272336006165
A,23,L,2.285405158996582
A,23,T,0.835650622844696
A,23,M,1.7762954235076904
A,23,I,1.8781181573867798
A,23,P,-0.7078765630722046
A,23,K,0.39689308404922485
A,23,F,1.6306225061416626
A,23,W,1.426277995109558
A,23,S,0.01804511249065399
A,23,V,1.4329148530960083
A,23,Y,1.1538323163986206
A,23,H,0.47572246193885803
A,24,A,-1.9164695739746094
A,24,L,0.1144888624548912
A,24,I,0.6067548394203186
A,24,C,-0.6339101195335388
A,24,G,-2.968226909637451
A,24,N,-1.0888621807098389
A,24,Q,-1.1960344314575195
A,24,K,-0.9092540740966797
A,24,D,-1.3774816989898682
A,24,E,-0.7912482023239136
A,24,R,-0.02872394397854805
A,24,H,-1.1520521640777588
A,24,F,1.0841513872146606
A,24,W,0.7992501258850098
A,24,V,-0.23832735419273376
A,24,M,0.8428224325180054
A,25,N,0.05261417105793953
A,25,D,0.039678413420915604
A,24,T,-0.7509204149246216
A,24,S,-0.5271164178848267
A,24,Y,0.6507765054702759
A,25,R,1.245186448097229
A,24,P,-3.2594051361083984
A,25,A,0.12808457016944885
A,25,G,-1.2056424617767334
A,25,E,-0.061722200363874435
A,25,L,2.1662795543670654
A,25,Q,0.30034688115119934
A,25,M,1.4800353050231934
A,25,F,1.8804622888565063
A,25,H,0.611907422542572
A,25,C,0.33264362812042236
A,25,I,1.6744744777679443
A,25,P,-2.3220460414886475
A,25,K,0.5686006546020508
A,25,S,-0.49741998314857483
A,25,V,1.2263174057006836
A,26,G,0.1403435617685318
A,26,C,0.24009481072425842
A,25,T,0.12767988443374634
A,26,Q,0.5876603722572327
A,26,E,0.6457104682922363
A,25,Y,1.1750500202178955
A,25,W,1.6755250692367554
A,26,D,0.2509616017341614
A,26,N,0.3988018333911896
A,26,A,0.6664503216743469
A,26,R,0.263489693403244
A,26,H,0.6058870553970337
A,26,K,0.52264803647995
A,26,I,0.17324800789356232
A,26,F,0.6215479373931885
A,26,W,0.5157507658004761
A,26,Y,0.4946395456790924
A,26,S,0.5543203949928284
A,26,M,0.6430276036262512
A,26,P,0.6434694528579712
A,26,L,0.2621382176876068
A,26,T,0.49323081970214844
A,26,V,0.49325981736183167
A,27,N,0.06556928902864456
A,27,K,0.11741673946380615
A,27,I,1.4997873306274414
A,27,D,-0.2566155195236206
A,27,L,0.9030267000198364
A,27,G,-0.915304958820343
A,27,Q,-0.0740363746881485
A,27,H,-0.00881747342646122
A,27,C,0.46589770913124084
A,27,E,-0.10694655030965805
A,27,A,0.055318523198366165
A,27,R,0.7895772457122803
A,27,S,-0.20316866040229797
A,27,T,0.20927950739860535
A,27,P,-1.1333458423614502
A,27,V,1.720438003540039
A,28,A,-2.3834259510040283
A,28,R,-1.3099727630615234
A,27,Y,0.8314813375473022
A,27,W,0.7548333406448364
A,27,F,0.822883129119873
A,27,M,1.269958734512329
A,28,D,-1.7398325204849243
A,28,N,-2.260453462600708
A,28,P,-4.1769609451293945
A,28,S,-2.3855478763580322
A,28,M,-0.3512382507324219
A,28,Q,-1.6424967050552368
A,28,K,-1.4802772998809814
A,28,C,-1.0145403146743774
A,28,E,-1.593920111656189
A,28,H,-1.3644630908966064
A,28,G,-3.4268155097961426
A,28,L,-0.41924071311950684
A,28,I,-0.44642654061317444
A,28,F,0.03775100037455559
A,29,A,-0.5066721439361572
A,28,W,-0.9161248207092285
A,29,R,0.869458019733429
A,29,D,0.2669762372970581
A,29,C,-0.0012198209296911955
A,29,G,-0.5758014917373657
A,28,V,-0.7765536308288574
A,29,Q,0.01683923602104187
A,28,Y,-0.23956677317619324
A,28,T,-1.5930736064910889
A,29,N,0.1601739376783371
A,29,E,0.14898498356342316
A,29,L,1.3547881841659546
A,29,F,1.1379896402359009
A,29,H,-0.029337773099541664
A,29,T,0.42621952295303345
A,29,I,1.2878016233444214
A,29,K,0.07733801752328873
A,29,P,-1.9297676086425781
A,29,V,0.7852883338928223
A,29,Y,1.400911569595337
A,29,S,-0.5799810290336609
A,29,M,1.117419958114624
A,29,W,1.2987675666809082
A,30,A,-0.44460463523864746
A,30,H,0.257093608379364
A,30,I,1.2170153856277466
A,30,N,-0.44885125756263733
A,30,G,-0.8999044299125671
A,30,K,-0.06831713020801544
A,30,R,0.49384936690330505
A,30,D,0.06398503482341766
A,30,Q,0.10523190349340439
A,30,C,0.5133427977561951
A,30,L,1.5463979244232178
A,30,E,0.13992726802825928
A,31,R,0.20684869587421417
A,30,S,-0.2795392572879791
A,30,V,0.9841397404670715
A,31,N,-0.5870437026023865
A,30,P,-0.40412968397140503
A,30,M,1.0550585985183716
A,30,T,0.48689737915992737
A,31,D,-0.7343279123306274
A,31,A,-1.0108100175857544
A,30,Y,0.34661781787872314
A,30,W,0.6557271480560303
A,30,F,0.6413861513137817
A,31,E,-0.2951912581920624
A,31,H,-0.4254084527492523
A,31,F,0.25041913986206055
A,31,I,-0.008938905782997608
A,31,Q,-0.5233850479125977
A,31,C,-0.5339843034744263
A,31,G,-1.0229244232177734
A,31,P,-1.2544758319854736
A,31,K,-0.09401853382587433
A,31,L,0.3077014088630676
A,31,M,-0.07522564381361008
A,31,S,-0.6693795919418335
A,32,D,0.34800732135772705
A,32,R,0.7581567168235779
A,31,Y,-0.028362751007080078
A,31,T,-0.5649055242538452
A,32,N,0.8022729158401489
A,32,G,0.11526491492986679
A,32,E,0.14901787042617798
A,31,W,0.618823230266571
A,31,V,0.007729279343038797
A,32,Q,0.5486077070236206
A,32,A,0.046717531979084015
A,32,C,0.46077942848205566
A,32,L,1.426344633102417
A,32,F,1.538092851638794
A,32,S,0.5580419301986694
A,32,H,0.9902517199516296
A,32,W,1.3589907884597778
A,32,V,0.393279492855072
A,32,M,1.6851460933685303
A,32,Y,1.2118654251098633
A,32,P,0.06082989647984505
A,32,I,1.4768836498260498
A,32,K,0.3322293162345886
A,32,T,0.23809511959552765
A,33,G,-1.1842409372329712
A,33,Q,-1.4068487882614136
A,33,H,-1.0885820388793945
A,33,D,-0.9446924924850464
A,33,R,-0.40659111738204956
A,33,K,-0.8214670419692993
A,33,I,0.14887449145317078
A,33,C,-0.3999482989311218
A,33,L,-0.3430100381374359
A,33,A,-1.158310890197754
A,33,E,-0.7864037752151489
A,33,N,-0.6203323006629944
A,34,A,0.27495282888412476
A,34,D,0.6832232475280762
A,33,F,-0.37589749693870544
A,34,R,1.7979081869125366
A,33,S,-1.2161061763763428
A,33,P,-1.5467301607131958
A,33,W,-0.19184470176696777
A,33,V,-0.24509771168231964
A,33,T,-0.8142797350883484
A,33,M,-0.4656451642513275
A,34,N,0.2677024006843567
A,33,Y,-0.2881123125553131
A,34,L,2.31699800491333
A,34,C,1.5919803380966187
A,34,H,1.3153870105743408
A,34,Q,0.7762737274169922
A,34,E,0.3672845661640167
A,34,F,1.9578399658203125
A,34,M,1.5206782817840576
A,34,I,2.106846332550049
A,34,P,0.4080016016960144
A,34,K,1.1922200918197632
A,34,S,0.13640239834785461
A,34,G,-0.42342838644981384
A,34,T,0.9411337971687317
A,34,W,2.2528107166290283
A,35,C,2.319509983062744
A,35,R,2.1633028984069824
A,35,Q,0.8501222729682922
A,35,G,-0.6391662359237671
A,35,D,1.2429275512695312
A,35,A,0.40154749155044556
A,34,Y,2.356428861618042
A,35,N,1.6415586471557617
A,35,E,0.4800616204738617
A,34,V,1.7267814874649048
A,35,K,1.5530216693878174
A,35,V,2.841639995574951
A,35,L,3.768364667892456
A,35,S,0.5994383096694946
A,35,P,0.34078484773635864
A,35,T,0.6933941841125488
A,35,W,2.5766491889953613
A,35,M,4.061333179473877
A,35,F,3.0365512371063232
A,35,I,4.138413906097412
A,35,H,1.5191965103149414
A,35,Y,2.5526840686798096
A,36,N,-0.37789300084114075
A,36,G,-2.0134472846984863
A,36,Q,-0.7107530832290649
A,36,E,-0.5691618919372559
A,36,H,-0.13410355150699615
A,36,L,1.870635986328125
A,36,I,1.9410088062286377
A,36,K,-0.000661188387311995
A,36,C,1.3731939792633057
A,36,D,-0.28209391236305237
A,36,A,-0.3419713079929352
A,36,R,0.2636013329029083
A,37,D,0.20814642310142517
A,36,S,-0.7911428213119507
A,36,W,0.8429282903671265
A,36,V,1.4178597927093506
A,36,M,1.2356444597244263
A,36,Y,1.5584080219268799
A,37,A,-0.1521115005016327
A,37,R,0.0934210866689682
A,36,T,0.06756001710891724
A,36,P,-0.8932290077209473
A,36,F,1.7206690311431885
A,37,N,0.07956518232822418
A,37,Q,-0.1521115005016327
A,37,S,0.12377198040485382
A,37,I,0.4391663074493408
A,37,L,0.1931702047586441
A,37,M,0.47182542085647583
A,37,F,0.2733869254589081
A,37,P,0.11771170794963837
A,37,H,0.32477203011512756
A,37,K,0.47182542085647583
A,37,C,-0.13000011444091797
A,37,E,-0.1608111709356308
A,37,G,0.14867158234119415
A,38,A,-2.266383409500122
A,37,W,0.13044925034046173
A,38,D,-2.1532704830169678
A,37,V,0.2733869254589081
A,38,N,-2.1367011070251465
A,37,T,0.4736763536930084
A,38,G,-3.231780529022217
A,38,C,-0.09773305803537369
A,37,Y,0.4391663074493408
A,38,R,-0.2251855581998825
A,38,E,-1.2908904552459717
A,38,Q,-1.232825517654419
A,38,I,0.4478603005409241
A,38,T,-1.9794737100601196
A,38,H,-0.8033378720283508
A,38,Y,1.1140968799591064
A,38,V,-0.11704690754413605
A,38,P,-1.757525086402893
A,38,S,-2.1068286895751953
A,38,L,-0.03864733874797821
A,38,M,-0.6091625690460205
A,38,F,0.0331876203417778
A,38,W,0.5992854237556458
A,38,K,-0.40776118636131287
A,39,R,-0.08279816061258316
A,39,A,-2.5227408409118652
A,39,D,-1.2421683073043823
A,39,N,-1.321150302886963
A,39,I,1.4915717840194702
A,39,G,-2.984102964401245
A,39,K,-0.16975709795951843
A,39,H,-0.5403453707695007
A,39,Q,-1.2790358066558838
A,39,L,-0.0579218789935112
A,39,E,-1.1936061382293701
A,39,C,-0.0370238721370697
A,40,D,0.40317481756210327
A,39,T,-1.4222042560577393
A,39,S,-0.5919796824455261
A,39,P,-2.4488048553466797
A,39,Y,0.33009403944015503
A,40,A,-0.9071130752563477
A,39,V,0.48567160964012146
A,39,F,0.5712988376617432
A,40,N,-0.5992568135261536
A,39,W,0.5882669687271118
A,39,M,-0.015762683004140854
A,40,R,0.6341511607170105
A,40,K,-0.29002639651298523
A,40,E,-0.23456111550331116
A,40,H,-0.014414871111512184
A,40,I,0.863326370716095
A,40,Q,-0.25487083196640015
A,40,L,1.2987679243087769
A,40,C,-0.29145628213882446
A,40,G,-0.633676290512085
A,40,P,-0.7797495722770691
A,40,M,0.4753628373146057
A,40,F,0.6889923810958862
A,40,S,-0.28043487668037415
A,41,Q,-0.1625034511089325
A,41,A,-0.6154897212982178
A,41,R,0.20296816527843475
A,40,W,0.8290702700614929
A,41,G,-0.5031917095184326
A,41,D,0.2430114448070526
A,41,C,0.13849110901355743
A,41,N,-0.1820152997970581
A,41,E,-0.20209327340126038
A,40,V,0.16551701724529266
A,40,Y,0.4564414620399475
A,40,T,-0.491145521402359
A,41,K,-0.0522216334939003
A,41,S,-0.25368064641952515
A,41,H,0.03293154761195183
A,41,L,0.9150182604789734
A,41,V,0.17915692925453186
A,41,F,0.4817488193511963
A,41,M,0.5072526931762695
A,41,T,-0.10096416622400284
A,41,W,0.3636890947818756
A,41,Y,0.6400887966156006
A,41,I,0.856894850730896
A,41,P,-0.9809471964836121
A,42,A,-0.32183602452278137
A,42,C,-0.39649173617362976
A,42,L,0.8025547862052917
A,42,G,-0.5512143969535828
A,42,H,-0.22634749114513397
A,42,I,0.5359815955162048
A,42,Q,-0.4883955121040344
A,42,E,-0.2853023409843445
A,42,R,0.22092144191265106
A,42,K,-0.2932847738265991
A,42,N,-0.19921444356441498
A,42,D,0.07603593915700912
A,42,S,-0.7155982255935669
A,43,A,-0.9622185826301575
A,42,P,-0.7944122552871704
A,43,R,0.3788188397884369
A,42,V,0.1208019033074379
A,42,Y,0.7521714568138123
A,42,T,-0.18187424540519714
A,42,F,0.3204992413520813
A,43,D,-0.13186724483966827
A,42,W,0.43931713700294495
A,43,N,0.32452669739723206
A,42,M,0.15356436371803284
A,43,M,1.2689746618270874
A,43,G,0.09224626421928406
A,43,S,-0.2183160036802292
A,43,P,-0.3266092538833618
A,43,Q,0.10761521756649017
A,43,H,0.33726632595062256
A,43,K,0.15475791692733765
A,43,F,1.2894867658615112
A,43,C,-0.4045857787132263
A,43,I,0.9183385968208313
A,43,L,1.6048758029937744
A,43,E,0.19571813941001892
A,43,T,-0.15177977085113525
A,44,E,0.42495647072792053
A,44,N,0.48339635133743286
A,44,Q,0.2568952441215515
A,43,W,1.0623257160186768
A,44,A,-0.12527179718017578
A,44,R,0.45073142647743225
A,44,C,0.5963152647018433
A,44,D,0.5472352504730225
A,43,V,-0.5150030255317688
A,43,Y,0.7956952452659607
A,44,G,-0.7231543660163879
A,44,V,0.9998010396957397
A,44,I,1.1739156246185303
A,44,P,-0.9337685704231262
A,44,H,0.3203361928462982
A,44,F,1.008287787437439
A,44,M,0.9295941591262817
A,44,K,-0.007376530673354864
A,44,Y,0.860869288444519
A,44,L,1.9181734323501587
A,44,T,-0.20343180000782013
A,44,S,-0.46656402945518494
A,44,W,0.998458981513977
A,45,A,-1.8112208843231201
A,45,C,-0.2296411693096161
A,45,G,-3.194334030151367
A,45,E,-1.495935082435608
A,45,D,-1.6496820449829102
A,45,K,-0.52211993932724
A,45,N,-2.1272976398468018
A,45,R,0.07259129732847214
A,45,I,0.7620749473571777
A,45,L,-0.06860383599996567
A,45,H,-0.8056463003158569
A,45,Q,-1.3991655111312866
A,45,T,-0.9994519948959351
A,45,V,0.3362230062484741
A,45,S,-1.3992652893066406
A,46,R,0.9200631976127625
A,45,W,0.5154125094413757
A,45,Y,0.5865808725357056
A,46,A,-0.6621501445770264
A,46,N,-0.6794269680976868
A,45,M,-0.11763644218444824
A,46,D,-0.5517885684967041
A,45,F,0.6080982089042664
A,45,P,-1.7954400777816772
A,46,Q,-0.27852803468704224
A,46,P,-0.5093612670898438
A,46,H,0.3150462210178375
A,46,L,1.3362048864364624
A,46,F,1.5873620510101318
A,46,M,1.0026763677597046
A,46,I,1.6991567611694336
A,46,C,1.6950709819793701
A,46,E,-0.13067546486854553
A,46,G,-2.0546348094940186
A,46,K,0.5728710889816284
A,46,S,-0.5547446608543396
A,46,V,1.459999918937683
A,47,G,0.30144453048706055
A,47,C,0.49152126908302307
A,47,A,0.276040256023407
A,47,Q,0.30144453048706055
A,46,T,-0.16962642967700958
A,47,E,0.3546616733074188
A,47,N,0.3514713644981384
A,47,R,0.3032124936580658
A,47,D,0.24195604026317596
A,46,Y,1.6225175857543945
A,46,W,1.7937425374984741
A,47,L,0.543573796749115
A,47,M,0.543573796749115
A,47,V,0.30144453048706055
A,47,P,0.543573796749115
A,47,S,0.12039551883935928
A,47,T,0.543573796749115
A,47,I,0.30428600311279297
A,47,H,-0.01867947354912758
A,47,K,0.543573796749115
A,47,F,0.2616479694843292
A,47,W,0.35273152589797974
A,47,Y,0.33386021852493286
A,48,R,-1.0992971658706665
A,48,H,-1.2229880094528198
A,48,I,-0.514351487159729
A,48,N,-1.867491364479065
A,48,K,-1.6295583248138428
A,48,A,-2.5731987953186035
A,48,G,-3.8018393516540527
A,48,E,-2.0661725997924805
A,48,C,-1.2556742429733276
A,48,Q,-2.0089669227600098
A,48,L,-0.25411027669906616
A,48,D,-2.1020023822784424
A,48,Y,-0.43599390983581543
A,48,W,-0.449929416179657
A,48,P,-3.077324390411377
A,48,S,-2.3984251022338867
A,49,N,0.6240251660346985
A,49,D,0.6028424501419067
A,48,T,-2.0811514854431152
A,48,M,-0.6155786514282227
A,48,V,-0.17518667876720428
A,48,F,0.06439917534589767
A,49,A,0.5656043291091919
A,49,R,0.6185370683670044
A,49,G,0.5280483365058899
A,49,Q,0.581496000289917
A,49,I,0.6144512891769409
A,49,E,0.6173158884048462
A,49,F,0.6072288155555725
A,49,H,0.6185370683670044
A,49,C,0.5764752626419067
A,49,L,0.71444171667099
A,49,K,0.5439714193344116
A,49,P,0.7636778950691223
A,49,S,0.6072288155555725
A,49,M,0.5792464017868042
A,50,D,0.0035837353207170963
A,50,N,-0.7055119276046753
A,50,E,0.0720166563987732
A,50,A,-1.0828502178192139
A,50,Q,0.3273390233516693
A,49,Y,0.5946803689002991
A,50,C,0.5356367826461792
A,49,T,0.6130001544952393
A,50,R,0.9113713502883911
A,50,G,-1.3773137331008911
A,49,V,0.6015037298202515
A,49,W,0.5514307618141174
A,50,L,1.3363597393035889
A,50,M,0.8686947822570801
A,50,F,1.1917816400527954
A,50,H,0.14955547451972961
A,50,S,-0.7180111408233643
A,50,W,1.2398111820220947
A,50,P,-1.0834133625030518
A,50,K,0.6956401467323303
A,50,Y,2.041731357574463
A,50,I,1.4240753650665283
A,50,T,-0.2753757834434509
A,50,V,0.96131432056427
A,51,G,-2.5315966606140137
A,51,E,-0.7144055366516113
A,51,K,-0.6684368848800659
A,51,D,-0.5416560769081116
A,51,I,0.11154428869485855
A,51,Q,-1.0554430484771729
A,51,C,0.04886408522725105
A,51,A,-1.9189646244049072
A,51,N,-0.8163291215896606
A,51,L,0.6712222099304199
A,51,R,0.05211532115936279
A,51,H,-0.6228159666061401
A,51,S,-0.9043410420417786
A,52,D,-0.0427662618458271
A,52,N,0.3650290369987488
A,51,P,-2.0761775970458984
A,51,F,-0.07034286111593246
A,51,Y,-0.5172883868217468
A,51,M,0.033722877502441406
A,52,A,0.39958456158638
A,51,V,-0.08024492859840393
A,51,T,-0.8205888867378235
A,52,R,0.3520983159542084
A,51,W,0.5602620840072632
A,52,M,0.4475487172603607
A,52,L,0.4475487172603607
A,52,I,-0.0427662618458271
A,52,G,0.4412224292755127
A,52,K,0.3650290369987488
A,52,F,0.3520983159542084
A,52,H,0.3520983159542084
A,52,E,0.3520983159542084
A,52,C,-0.024509867653250694
A,52,P,0.4412224292755127
A,52,S,0.3520983159542084
A,52,Q,-0.3767152428627014
A,53,A,-0.2177267074584961
A,53,G,-1.0075526237487793
A,53,D,0.2582240700721741
A,52,W,0.4475487172603607
A,52,V,0.39958456158638
A,52,Y,0.3520983159542084
A,53,N,0.033544547855854034
A,52,T,-0.01636386476457119
A,53,Q,-0.16762855648994446
A,53,E,0.21686327457427979
A,53,R,0.5505918264389038
A,53,C,-0.1993657350540161
A,53,I,0.7546349763870239
A,53,T,-0.59345942735672
A,53,K,-0.034469880163669586
A,53,V,0.2734658122062683
A,53,L,1.34287691116333
A,53,M,0.748878002166748
A,53,W,1.2159616947174072
A,53,S,-0.33435767889022827
A,53,F,0.8117275238037109
A,53,H,0.21811461448669434
A,53,P,-0.4724581837654114
A,53,Y,0.8021615147590637
A,54,N,-0.6852989196777344
A,54,G,-1.2834023237228394
A,54,Q,-0.7807552218437195
A,54,H,-0.7239325642585754
A,54,I,0.10615278780460358
A,54,E,-0.5336467027664185
A,54,A,-1.624367117881775
A,54,D,-0.4408087730407715
A,54,K,-0.7857886552810669
A,54,C,-0.13632020354270935
A,54,L,-0.010434773750603199
A,54,R,-0.2619530260562897
A,54,P,-0.41058820486068726
A,54,Y,-0.2664100229740143
A,54,T,-0.7109840512275696
A,54,S,-0.2839900255203247
A,54,V,-0.4599739909172058
A,54,F,-0.07717062532901764
A,54,M,-0.15221378207206726
A,54,W,0.8125410079956055
